Name,Price,Image,Link
N/A,N/A,https://rukminim2.flixcart.com/image/612/612/xif0q/smartwatch/g/n/5/-original-imaherxuggamz6zv.jpeg?q=70,N/A
N/A,N/A,https://rukminim2.flixcart.com/image/612/612/xif0q/smartwatch/r/g/k/-original-imahf98j6ea4gkrf.jpeg?q=70,N/A
N/A,N/A,https://rukminim2.flixcart.com/image/612/612/xif0q/smartwatch/s/i/u/-original-imah76jt64ffmwg4.jpeg?q=70,N/A
N/A,N/A,https://rukminim2.flixcart.com/image/612/612/xif0q/smartwatch/l/2/f/-original-imaha8kabchjfqhe.jpeg?q=70,N/A
N/A,N/A,https://rukminim2.flixcart.com/image/612/612/xif0q/smartwatch/b/n/v/-original-imah82phwpdn7vgr.jpeg?q=70,N/A
N/A,N/A,https://rukminim2.flixcart.com/image/612/612/xif0q/smartwatch/e/w/6/-original-imaheeb4qgjf4fpa.jpeg?q=70,N/A
N/A,N/A,https://rukminim2.flixcart.com/image/612/612/xif0q/smartwatch/y/v/7/-original-imah76jhgpcaktrv.jpeg?q=70,N/A
N/A,N/A,https://rukminim2.flixcart.com/image/612/612/xif0q/smartwatch/s/3/l/-original-imah2thyufannsyg.jpeg?q=70,N/A
N/A,N/A,https://rukminim2.flixcart.com/image/612/612/xif0q/smartwatch/w/o/r/-original-imagp8r8wzkzqwvv.jpeg?q=70,N/A
N/A,N/A,https://rukminim2.flixcart.com/image/612/612/xif0q/smartwatch/g/8/m/-original-imahauh2drgghzgz.jpeg?q=70,N/A
N/A,N/A,https://rukminim2.flixcart.com/image/612/612/xif0q/smartwatch/u/i/e/49-t800-android-ios-dicto-yes-original-imagwy7rgtbgjvp7.jpeg?q=70,N/A
N/A,N/A,https://rukminim2.flixcart.com/image/612/612/xif0q/smartwatch/3/8/q/-original-imaheeb4jmgagpqu.jpeg?q=70,N/A
N/A,N/A,https://rukminim2.flixcart.com/image/612/612/xif0q/smartwatch/u/j/k/-original-imagx8ncm5ra8nmg.jpeg?q=70,N/A
N/A,N/A,https://rukminim2.flixcart.com/image/612/612/xif0q/smartwatch/r/t/e/35-306-wrb-sw-twistgo-std-slvr-gry-android-ios-noise-yes-original-imah889ngxq4khs8.jpeg?q=70,N/A
N/A,N/A,https://rukminim2.flixcart.com/image/612/612/xif0q/smartwatch/n/v/1/-original-imah6s6pq7wxa4u6.jpeg?q=70,N/A
N/A,N/A,https://rukminim2.flixcart.com/image/612/612/xif0q/smartwatch/3/s/p/-original-imahfmpuzzq4yt8m.jpeg?q=70,N/A
N/A,N/A,https://rukminim2.flixcart.com/image/612/612/xif0q/smartwatch/5/x/t/44-t500-android-ios-zerix-yes-original-imahg6wcggtfmene.jpeg?q=70,N/A
N/A,N/A,https://rukminim2.flixcart.com/image/612/612/xif0q/smartwatch/2/n/0/44-7-in-1-ultra-combo-smartwatch-for-men-and-women-smartwatch-original-imahgtaf6gr75gxh.jpeg?q=70,N/A
N/A,N/A,https://rukminim2.flixcart.com/image/612/612/xif0q/smartwatch/g/s/y/-original-imah76jfhkg3epzj.jpeg?q=70,N/A
N/A,N/A,https://rukminim2.flixcart.com/image/612/612/xif0q/smartwatch/0/8/b/-original-imah6s6p6zkhfnws.jpeg?q=70,N/A
N/A,N/A,https://rukminim2.flixcart.com/image/612/612/xif0q/smartwatch/n/z/f/-original-imah8762zqn7v9gt.jpeg?q=70,N/A
N/A,N/A,https://rukminim2.flixcart.com/image/612/612/xif0q/smartwatch/r/v/m/-original-imaheeb4prbjrj4r.jpeg?q=70,N/A
N/A,N/A,https://rukminim2.flixcart.com/image/612/612/xif0q/smartwatch/g/e/l/-original-imah6s6p747bvmxh.jpeg?q=70,N/A
N/A,N/A,https://rukminim2.flixcart.com/image/612/612/xif0q/smartwatch/n/o/2/-original-imahchsy4hwjnbsq.jpeg?q=70,N/A
N/A,N/A,https://rukminim2.flixcart.com/image/612/612/xif0q/smartwatch/b/q/x/49-black-pro-ultra-android-ios-techy-alpha-yes-original-imah7zdawkvnay96.jpeg?q=70,N/A
N/A,N/A,https://rukminim2.flixcart.com/image/612/612/xif0q/smartwatch/v/l/t/-original-imahgesvzew3eeen.jpeg?q=70,N/A
N/A,N/A,https://rukminim2.flixcart.com/image/612/612/xif0q/smartwatch/r/y/p/49-t800-ultra-4g-network-android-ios-trkmp-yes-original-imahy9b4mzw4cf3d.jpeg?q=70,N/A
N/A,N/A,https://rukminim2.flixcart.com/image/612/612/xif0q/smartwatch/j/q/o/-original-imaheeb4ctrxfymf.jpeg?q=70,N/A
N/A,N/A,https://rukminim2.flixcart.com/image/612/612/xif0q/smartwatch/5/j/o/-original-imahcf2upqp5sdty.jpeg?q=70,N/A
N/A,N/A,https://rukminim2.flixcart.com/image/612/612/xif0q/smartwatch/a/e/t/-original-imahgesvxrpfhymk.jpeg?q=70,N/A
N/A,N/A,https://rukminim2.flixcart.com/image/612/612/xif0q/shopsy-smartwatch/j/j/u/1-99-android-ios-t800-ultra-smart-watch-1-9-48-mm-display-original-imahycxv4apbzrut.jpeg?q=70,N/A
N/A,N/A,https://rukminim2.flixcart.com/image/612/612/xif0q/smartwatch/p/p/h/-original-imaheeb4qzwehjnp.jpeg?q=70,N/A
N/A,N/A,https://rukminim2.flixcart.com/image/612/612/xif0q/smartwatch/x/j/s/-original-imah4eddxhvzpxhc.jpeg?q=70,N/A
N/A,N/A,https://rukminim2.flixcart.com/image/612/612/xif0q/smartwatch/i/4/b/-original-imah2thy4cphhcbe.jpeg?q=70,N/A
N/A,N/A,https://rukminim2.flixcart.com/image/612/612/xif0q/smartwatch/h/u/i/-original-imah82pnswgua2vh.jpeg?q=70,N/A
N/A,N/A,https://rukminim2.flixcart.com/image/612/612/xif0q/smartwatch/v/j/g/-original-imah7e8bdedjpq7s.jpeg?q=70,N/A
N/A,N/A,https://rukminim2.flixcart.com/image/612/612/xif0q/smartwatch/a/s/m/-original-imahejynyy7hmrnu.jpeg?q=70,N/A
N/A,N/A,https://rukminim2.flixcart.com/image/612/612/xif0q/smartwatch/k/6/b/-original-imagyxxffxps4khy.jpeg?q=70,N/A
N/A,N/A,https://rukminim2.flixcart.com/image/612/612/xif0q/smartwatch/i/j/y/51-054-m5-plus-android-ios-cellecor-yes-original-imahasdbdrgw5hka.jpeg?q=70,N/A
N/A,N/A,https://rukminim2.flixcart.com/image/612/612/xif0q/smartwatch/j/c/i/-original-imahauh2zfznhgqh.jpeg?q=70,N/A
